indeks,rahvus,disainikaal
6.25915752887267,eestlane,1.4
5.90977920162551,eestlane,1.4
5.72237816386647,eestlane,1.4
6.70181665457257,eestlane,1.4
5.81125320433493,eestlane,1.4
6.03732186784632,eestlane,1.4
6.84024821077497,eestlane,1.4
4.57672521439131,eestlane,1.4
8.03072776447478,eestlane,1.4
6.45594520810723,eestlane,1.4
4.6415084079981,eestlane,1.4
4.72757306866731,eestlane,1.4
5.19873929943331,eestlane,1.4
6.36083030972416,eestlane,1.4
5.54688635845801,eestlane,1.4
3.307464368466,eestlane,1.4
4.59032562346634,eestlane,1.4
6.97246503906573,eestlane,1.4
6.3400953762539896,eestlane,1.4
7.86471557028024,eestlane,1.4
6.97409232837924,eestlane,1.4
6.60474233723921,eestlane,1.4
5.28983756999788,eestlane,1.4
5.01959773433571,eestlane,1.4
8.20051744996538,eestlane,1.4
8.09177798482228,eestlane,1.4
5.31217971122639,eestlane,1.4
6.09770781995696,eestlane,1.4
4.6054706938882,eestlane,1.4
6.6875539375729796,eestlane,1.4
3.78904415251229,eestlane,1.4
8.58461157065829,eestlane,1.4
4.07925895251125,eestlane,1.4
6.68028716295515,eestlane,1.4
5.67532347080958,eestlane,1.4
7.15413022012801,eestlane,1.4
5.82061566406771,eestlane,1.4
5.51877487607191,eestlane,1.4
5.83502172247101,eestlane,1.4
7.05251454038838,eestlane,1.4
8.27161736006031,eestlane,1.4
8.18512008977619,eestlane,1.4
8.27987770740181,eestlane,1.4
7.18651780166638,eestlane,1.4
7.62572147619383,eestlane,1.4
5.51764388151313,eestlane,1.4
4.51759019008941,eestlane,1.4
8.52234138778294,eestlane,1.4
7.342488138494,eestlane,1.4
8.13397713250488,eestlane,1.4
4.48994503901482,eestlane,1.4
5.97707644159119,eestlane,1.4
6.24766583182672,eestlane,1.4
6.60547220638566,eestlane,1.4
4.89379689764486,eestlane,1.4
5.71107068792248,eestlane,1.4
6.12120554159709,eestlane,1.4
4.39219043000781,eestlane,1.4
5.60253958751663,eestlane,1.4
7.61464610281634,eestlane,1.4
3.93139504583257,eestlane,1.4
4.24688131029913,eestlane,1.4
3.79255476209426,eestlane,1.4
5.2434647647471,eestlane,1.4
5.93867231097815,eestlane,1.4
9.39826568264631,eestlane,1.4
6.9031108063737,eestlane,1.4
6.88513606734774,eestlane,1.4
4.53656795567232,eestlane,1.4
4.12891100651389,eestlane,1.4
4.68921019278608,eestlane,1.4
6.41535598386573,eestlane,1.4
6.1683649168603,eestlane,1.4
7.14039532224063,eestlane,1.4
3.83054858684319,eestlane,1.4
7.7897340388866,eestlane,1.4
5.30872784986185,eestlane,1.4
6.28583356093384,eestlane,1.4
4.84123265327688,eestlane,1.4
6.85179670339907,eestlane,1.4
8.85807927345216,eestlane,1.4
6.61194705668133,eestlane,1.4
7.31473820054924,eestlane,1.4
5.5944917979792,eestlane,1.4
7.13751130088962,eestlane,1.4
4.85122257192052,eestlane,1.4
7.58707796661789,eestlane,1.4
5.06982264729776,eestlane,1.4
6.74947501980526,eestlane,1.4
7.47535837990586,eestlane,1.4
5.91005921413167,eestlane,1.4
5.157589531056,eestlane,1.4
6.66486012671367,eestlane,1.4
5.68281983009024,eestlane,1.4
8.09311772519776,eestlane,1.4
5.21948969678672,eestlane,1.4
4.66356703282956,eestlane,1.4
5.73048100378742,eestlane,1.4
4.25529260980684,eestlane,1.4
6.81314240501152,eestlane,1.4
7.11905610571964,eestlane,1.4
9.24083987250209,eestlane,1.4
7.03924103490316,eestlane,1.4
8.77283482751514,eestlane,1.4
6.53694316187664,eestlane,1.4
5.77834375127167,eestlane,1.4
4.89923172598741,eestlane,1.4
8.12262177267929,eestlane,1.4
7.67723174684213,eestlane,1.4
6.23959959356431,eestlane,1.4
5.8025282520566,eestlane,1.4
6.80210378433264,eestlane,1.4
8.29174952688435,eestlane,1.4
7.13142702353606,eestlane,1.4
2.97669687654565,eestlane,1.4
5.73528809359764,eestlane,1.4
4.58108745197016,eestlane,1.4
4.73459345404062,eestlane,1.4
3.71890197470269,eestlane,1.4
4.64757585507396,eestlane,1.4
5.09828080878404,eestlane,1.4
8.04999597159665,eestlane,1.4
5.97308683894864,eestlane,1.4
7.77536257801265,eestlane,1.4
7.4246248173363,eestlane,1.4
4.58851776052959,eestlane,1.4
6.69197722244327,eestlane,1.4
3.11118020335686,eestlane,1.4
6.9939136477125,eestlane,1.4
5.17784983371735,eestlane,1.4
6.63013186027979,eestlane,1.4
5.01964799437652,eestlane,1.4
5.20952729232578,eestlane,1.4
6.70005994579035,eestlane,1.4
6.04962081336692,eestlane,1.4
7.88513348336586,eestlane,1.4
5.02665750158326,eestlane,1.4
4.2520140142752,eestlane,1.4
5.39637312932465,eestlane,1.4
4.94680485006773,eestlane,1.4
7.27854413067737,eestlane,1.4
5.48269972081824,eestlane,1.4
5.96092372643194,eestlane,1.4
6.65650549898072,eestlane,1.4
6.423131229215,eestlane,1.4
6.31656470199255,eestlane,1.4
5.00994008233906,eestlane,1.4
8.5324165237589,eestlane,1.4
5.05706378553982,eestlane,1.4
6.49786284224734,eestlane,1.4
4.95764561256544,eestlane,1.4
6.83440797880566,eestlane,1.4
8.4604186973104,eestlane,1.4
6.58892698234444,eestlane,1.4
6.38416382630887,eestlane,1.4
5.20609779972383,eestlane,1.4
5.67354612022429,eestlane,1.4
6.64896923402901,eestlane,1.4
6.98441441999557,eestlane,1.4
5.8333376723704,eestlane,1.4
4.87880099422706,eestlane,1.4
6.64548050890355,eestlane,1.4
6.12028250414649,eestlane,1.4
8.24975461767119,eestlane,1.4
7.62247055044418,eestlane,1.4
7.4716279086232404,eestlane,1.4
4.4572604251204,eestlane,1.4
6.92235593250937,eestlane,1.4
4.56398499607699,eestlane,1.4
7.08793561073751,eestlane,1.4
5.37905748751378,eestlane,1.4
6.35874499850318,eestlane,1.4
6.95812908907584,eestlane,1.4
5.88514490432237,eestlane,1.4
7.88149278480794,eestlane,1.4
5.5869341112547,eestlane,1.4
6.31977174500113,eestlane,1.4
5.6129616035834,eestlane,1.4
5.8406973324379,eestlane,1.4
7.82825489304364,eestlane,1.4
7.02881578941475,eestlane,1.4
5.25770286928495,eestlane,1.4
5.62087891057521,eestlane,1.4
8.59188967229463,eestlane,1.4
5.93052915504807,eestlane,1.4
6.70511255439976,eestlane,1.4
4.71525089931696,eestlane,1.4
5.61113315336782,eestlane,1.4
4.82211392404016,eestlane,1.4
7.68420750019102,eestlane,1.4
5.87253424766152,eestlane,1.4
6.1408289825875,eestlane,1.4
6.09252850568814,eestlane,1.4
5.49615743270051,eestlane,1.4
5.54722271063567,eestlane,1.4
8.61845731279236,eestlane,1.4
8.20342642263913,eestlane,1.4
6.20501306301842,eestlane,1.4
4.47599496733711,eestlane,1.4
5.45263165547176,eestlane,1.4
6.14414214291501,eestlane,1.4
6.74707800258247,eestlane,1.4
8.52233234141389,eestlane,1.4
7.4319470571315,eestlane,1.4
8.8128918980476,eestlane,1.4
6.32707333621872,eestlane,1.4
6.3705283544331,eestlane,1.4
6.08232287056373,eestlane,1.4
6.15433044267065,eestlane,1.4
6.07121667160195,eestlane,1.4
5.93263340389235,eestlane,1.4
6.32832262629747,eestlane,1.4
6.82793909508504,eestlane,1.4
6.38134903249062,eestlane,1.4
6.07554939960606,eestlane,1.4
6.64787142276126,eestlane,1.4
7.58574839434647,eestlane,1.4
6.89601398374566,eestlane,1.4
7.3113825132041,eestlane,1.4
6.74734722680771,eestlane,1.4
7.75180572424895,eestlane,1.4
7.97077192200975,eestlane,1.4
5.28622349027243,eestlane,1.4
7.97785619192954,eestlane,1.4
4.9765132690071,eestlane,1.4
7.60049736528473,eestlane,1.4
5.23698942177662,eestlane,1.4
5.7297498132286,eestlane,1.4
6.59804384844016,eestlane,1.4
7.18968675422059,eestlane,1.4
7.2516887977736,eestlane,1.4
4.33620155411313,eestlane,1.4
4.95108329238289,eestlane,1.4
5.48820718705271,eestlane,1.4
4.73884994768367,eestlane,1.4
6.75915347188769,eestlane,1.4
4.77434961837467,eestlane,1.4
5.71468296873717,eestlane,1.4
7.3275402754526,eestlane,1.4
8.09463099439674,eestlane,1.4
7.31509002591164,eestlane,1.4
8.00816079283375,eestlane,1.4
6.24503904185946,eestlane,1.4
7.72358736296233,eestlane,1.4
4.79447771256196,eestlane,1.4
5.44459710484439,eestlane,1.4
5.80908694746348,eestlane,1.4
7.29600581898954,eestlane,1.4
3.52715658762588,eestlane,1.4
6.61415045768562,eestlane,1.4
6.88245085036569,eestlane,1.4
4.00341637352912,eestlane,1.4
5.60982025387292,eestlane,1.4
5.50414229146199,eestlane,1.4
6.10742645499297,eestlane,1.4
6.51952005765959,eestlane,1.4
7.2182699650383,eestlane,1.4
6.2112749837935,eestlane,1.4
6.74031153723836,eestlane,1.4
6.96415369322576,eestlane,1.4
2.40946202820717,eestlane,1.4
5.62733095665439,eestlane,1.4
4.54649975900834,eestlane,1.4
7.29881346158144,eestlane,1.4
4.70646477335249,eestlane,1.4
8.43250177790179,eestlane,1.4
4.26054344978043,eestlane,1.4
4.63860844537065,eestlane,1.4
6.91748771216447,eestlane,1.4
7.33442234456319,eestlane,1.4
8.88043137163996,eestlane,1.4
5.93537239944219,eestlane,1.4
3.33311937779318,eestlane,1.4
5.63581849032717,eestlane,1.4
4.24717098997005,eestlane,1.4
7.35392772837888,eestlane,1.4
3.73221196229341,eestlane,1.4
4.47968773535388,eestlane,1.4
5.2634886486703,eestlane,1.4
4.78649417685813,eestlane,1.4
6.99584930834978,eestlane,1.4
7.23906179721971,eestlane,1.4
5.29285329837137,eestlane,1.4
3.93715656974847,eestlane,1.4
4.03764764021998,eestlane,1.4
4.6824873486335,eestlane,1.4
3.352439051123,eestlane,1.4
4.11254195737234,eestlane,1.4
5.51773815497785,eestlane,1.4
5.01953067943969,eestlane,1.4
6.66713717199631,eestlane,1.4
5.426185249238,eestlane,1.4
5.11406859212818,eestlane,1.4
7.36052853490283,eestlane,1.4
7.05518782692429,eestlane,1.4
5.34532963669572,eestlane,1.4
6.4948442708331,eestlane,1.4
7.24355398553561,eestlane,1.4
8.58344957849218,eestlane,1.4
8.48622143745092,eestlane,1.4
6.08495267857414,eestlane,1.4
5.05469533210781,eestlane,1.4
6.37444540201836,eestlane,1.4
5.83758600976365,eestlane,1.4
6.05316298428885,eestlane,1.4
5.17345220477681,eestlane,1.4
6.49079415907333,eestlane,1.4
4.90146790815065,eestlane,1.4
6.68909885191772,eestlane,1.4
7.63470891519608,eestlane,1.4
7.24159638951825,eestlane,1.4
7.69040983015959,eestlane,1.4
7.30660909187929,eestlane,1.4
7.97361757459239,eestlane,1.4
3.74482049682479,eestlane,1.4
6.22207467280426,eestlane,1.4
4.81788519492514,eestlane,1.4
7.56682730961717,eestlane,1.4
6.46686572940451,eestlane,1.4
7.77641453458386,eestlane,1.4
5.83690764378602,eestlane,1.4
7.38480694352097,eestlane,1.4
6.58450240854369,eestlane,1.4
7.64422595324201,eestlane,1.4
6.18485800124623,eestlane,1.4
8.64202416492608,eestlane,1.4
8.51573770709142,eestlane,1.4
3.57133700426195,eestlane,1.4
5.56828706385554,eestlane,1.4
6.60457342709461,eestlane,1.4
6.52026035929649,eestlane,1.4
7.16150783881163,eestlane,1.4
7.04714587253739,eestlane,1.4
4.8599673188463,eestlane,1.4
6.09428004297063,eestlane,1.4
7.03132725736596,eestlane,1.4
5.6947740655231,eestlane,1.4
7.57183292017523,eestlane,1.4
4.07817904340683,eestlane,1.4
5.41089703607126,eestlane,1.4
2.71064665255974,eestlane,1.4
5.18922134008804,eestlane,1.4
7.39758454385849,eestlane,1.4
4.82019221753174,eestlane,1.4
6.56248692255496,eestlane,1.4
7.99500624524792,eestlane,1.4
7.95301745664073,eestlane,1.4
6.85969044519703,eestlane,1.4
4.477426344538,eestlane,1.4
4.63139717832554,eestlane,1.4
4.44809534319777,eestlane,1.4
4.42770981173756,eestlane,1.4
6.74316270296039,eestlane,1.4
7.72960987273628,eestlane,1.4
5.81087367795419,eestlane,1.4
6.5612911743879,eestlane,1.4
7.88824150922941,eestlane,1.4
6.42909380504325,eestlane,1.4
5.04079219177284,eestlane,1.4
4.44231724053094,eestlane,1.4
3.86858472675591,eestlane,1.4
5.79796894439819,eestlane,1.4
8.07974264265431,eestlane,1.4
4.36824627530799,eestlane,1.4
7.26748864811836,eestlane,1.4
6.2713700210776,eestlane,1.4
7.26892365836852,eestlane,1.4
4.96123888700282,eestlane,1.4
6.49043874324476,eestlane,1.4
5.16109951632718,eestlane,1.4
7.37959028750966,eestlane,1.4
6.81965324437153,eestlane,1.4
5.25753166389982,eestlane,1.4
7.01964135030174,eestlane,1.4
6.04841585187026,eestlane,1.4
6.21981733847098,eestlane,1.4
6.27469546749281,eestlane,1.4
5.57355238895537,eestlane,1.4
5.63775659365478,eestlane,1.4
7.36713614446618,eestlane,1.4
6.55682305038335,eestlane,1.4
7.38388473548416,eestlane,1.4
5.01609904044085,eestlane,1.4
6.10883439705131,eestlane,1.4
5.8346214244918,eestlane,1.4
6.83974540270195,eestlane,1.4
7.84565597260525,eestlane,1.4
4.22770510441508,eestlane,1.4
7.56586006609377,eestlane,1.4
7.15767802662583,eestlane,1.4
5.60545707389915,eestlane,1.4
4.43553065620388,eestlane,1.4
4.86772899155057,eestlane,1.4
5.23228524658677,eestlane,1.4
6.46617272429786,eestlane,1.4
6.21605401134144,eestlane,1.4
5.08527497457615,eestlane,1.4
9.2004299040121,eestlane,1.4
5.72099465525357,eestlane,1.4
5.04686765994367,eestlane,1.4
5.94659635574483,eestlane,1.4
6.20875863198621,eestlane,1.4
5.64006763236146,eestlane,1.4
4.82223845340738,eestlane,1.4
6.27422193527244,eestlane,1.4
7.64140772816664,eestlane,1.4
7.02277580630166,eestlane,1.4
7.07504428020529,eestlane,1.4
8.37260102387651,eestlane,1.4
9.27656689823929,eestlane,1.4
5.70397556947716,eestlane,1.4
5.1321842899907,eestlane,1.4
4.73491027755021,eestlane,1.4
5.42061630302018,eestlane,1.4
5.68229504097024,eestlane,1.4
4.85410401370238,eestlane,1.4
6.63343944290606,eestlane,1.4
3.44784373502729,eestlane,1.4
3.61469760581568,eestlane,1.4
6.77089498415422,eestlane,1.4
4.72692948120143,eestlane,1.4
6.29489874044743,eestlane,1.4
2.45696744398216,eestlane,1.4
5.14637157585482,eestlane,1.4
7.01747515316947,eestlane,1.4
5.50750585635029,eestlane,1.4
7.58192588010932,eestlane,1.4
7.50243838964446,eestlane,1.4
8.12152192800762,eestlane,1.4
5.92674278549641,eestlane,1.4
8.92654113191695,eestlane,1.4
6.63456929703544,eestlane,1.4
5.09935539655703,eestlane,1.4
4.12991704745446,eestlane,1.4
4.44823561972429,eestlane,1.4
8.39785655601535,eestlane,1.4
7.14901052906435,eestlane,1.4
5.99510863472222,eestlane,1.4
5.28314780609084,eestlane,1.4
6.88038714355734,eestlane,1.4
7.02205475184026,eestlane,1.4
7.21446899298052,eestlane,1.4
8.14529768399044,eestlane,1.4
4.38580873571763,eestlane,1.4
3.90131414190509,eestlane,1.4
5.0381143543038,eestlane,1.4
6.48379914580925,eestlane,1.4
7.13469638754343,eestlane,1.4
7.62128251895375,eestlane,1.4
6.91207057279603,eestlane,1.4
3.7519446441275,eestlane,1.4
6.63055588518488,eestlane,1.4
7.3839036907138,eestlane,1.4
4.21391554867752,eestlane,1.4
4.27986633380049,eestlane,1.4
4.42963339011044,eestlane,1.4
4.69523528274021,eestlane,1.4
4.65152404359273,eestlane,1.4
3.58817182995176,eestlane,1.4
5.22301150253279,eestlane,1.4
6.47582460233928,eestlane,1.4
5.47564556292397,eestlane,1.4
5.8026427442489,eestlane,1.4
6.95340932825112,eestlane,1.4
6.67269039297269,eestlane,1.4
5.61335544056297,eestlane,1.4
7.22522371137266,eestlane,1.4
5.90367247329438,eestlane,1.4
6.57693045988949,eestlane,1.4
7.01092217983792,eestlane,1.4
5.69540051740187,eestlane,1.4
7.40821052761106,eestlane,1.4
6.59580303228677,eestlane,1.4
6.93297431640039,eestlane,1.4
8.49529039222399,eestlane,1.4
5.22863633494905,eestlane,1.4
7.69380119180011,eestlane,1.4
6.37737627287564,eestlane,1.4
6.3104400976344,eestlane,1.4
5.69943027788112,eestlane,1.4
6.95751053885666,eestlane,1.4
5.09588524832179,eestlane,1.4
7.90006494798352,eestlane,1.4
5.55329054167259,eestlane,1.4
5.93428439767615,eestlane,1.4
5.96679342070293,eestlane,1.4
6.97908304777504,eestlane,1.4
3.88588486118372,eestlane,1.4
8.12488226527773,eestlane,1.4
5.44049534238758,eestlane,1.4
6.24538305142618,eestlane,1.4
6.00609835630075,eestlane,1.4
4.42767068397835,eestlane,1.4
6.67132553349157,eestlane,1.4
7.46290527957742,eestlane,1.4
5.97225575643212,eestlane,1.4
6.61091718163397,eestlane,1.4
7.34421235220335,eestlane,1.4
6.5757315899656,eestlane,1.4
5.85919096446197,eestlane,1.4
3.82249712367666,eestlane,1.4
5.79221569959546,eestlane,1.4
7.25657064075859,eestlane,1.4
7.98162635970238,eestlane,1.4
7.05714784436947,eestlane,1.4
5.35266244740223,eestlane,1.4
5.23586718936134,eestlane,1.4
5.29565443013943,eestlane,1.4
7.30267331367044,eestlane,1.4
6.23968568639078,eestlane,1.4
8.6439472078692,eestlane,1.4
6.59626403041217,eestlane,1.4
5.46067659112287,eestlane,1.4
5.32163582185344,eestlane,1.4
6.38335184863766,eestlane,1.4
6.57893741193162,eestlane,1.4
5.42847642616337,eestlane,1.4
5.90006000698663,eestlane,1.4
6.998884866329,eestlane,1.4
9.09591555824866,eestlane,1.4
7.2310197280386,eestlane,1.4
6.10267031632457,eestlane,1.4
5.96144163808347,eestlane,1.4
4.95024723422364,eestlane,1.4
5.37469432863345,eestlane,1.4
4.87366200540179,eestlane,1.4
7.94266263072073,eestlane,1.4
5.23719611714116,eestlane,1.4
5.87728642995825,eestlane,1.4
7.69920128329649,eestlane,1.4
6.08405919015364,eestlane,1.4
5.41488292399621,eestlane,1.4
4.52855757849119,eestlane,1.4
8.4942195935808,eestlane,1.4
6.68160339614362,eestlane,1.4
7.17099690686636,eestlane,1.4
6.2589696539586,eestlane,1.4
5.03356960460869,eestlane,1.4
5.81840457295024,eestlane,1.4
4.89759259509772,eestlane,1.4
6.32198380819503,eestlane,1.4
5.37866022060718,eestlane,1.4
4.20132173390382,eestlane,1.4
8.49129752665206,eestlane,1.4
6.75916112671296,eestlane,1.4
6.2061801859676,eestlane,1.4
6.92300710370076,eestlane,1.4
5.50940484949234,eestlane,1.4
6.10736134455302,eestlane,1.4
7.77878322160155,eestlane,1.4
4.92341545389582,eestlane,1.4
6.20326994025669,eestlane,1.4
7.41551618655605,eestlane,1.4
5.11239626999903,eestlane,1.4
7.36655755874109,eestlane,1.4
6.81852364981158,eestlane,1.4
5.13678537424156,eestlane,1.4
7.54061756092664,eestlane,1.4
4.90010086697365,eestlane,1.4
5.53304459301785,eestlane,1.4
5.03515703436494,eestlane,1.4
4.631809409304,eestlane,1.4
6.46189164125207,eestlane,1.4
5.91625006704522,eestlane,1.4
5.30765601497793,eestlane,1.4
7.3232884458389,eestlane,1.4
7.09016021921585,eestlane,1.4
8.11582793043367,eestlane,1.4
5.22164492935921,eestlane,1.4
6.04450207568596,eestlane,1.4
6.95889233039613,eestlane,1.4
5.88875711059376,eestlane,1.4
5.47334488221213,eestlane,1.4
7.59974651251137,eestlane,1.4
8.01984102066772,eestlane,1.4
5.49265629494532,eestlane,1.4
6.88049637851317,eestlane,1.4
5.61970808415263,eestlane,1.4
3.97842242444616,eestlane,1.4
5.75972173803455,eestlane,1.4
7.03204969014411,eestlane,1.4
5.10547736266253,eestlane,1.4
5.69149079617757,eestlane,1.4
8.0369781987852,eestlane,1.4
7.62146935653608,eestlane,1.4
6.60923857886036,eestlane,1.4
6.38509161595707,eestlane,1.4
1.98968216800666,eestlane,1.4
6.6363145237111,eestlane,1.4
6.43009691664782,eestlane,1.4
3.7766979146884,eestlane,1.4
5.38642249767958,eestlane,1.4
4.7914353559412,eestlane,1.4
6.31019591452751,eestlane,1.4
7.60546833250324,eestlane,1.4
7.83104416420179,eestlane,1.4
7.26064573125637,eestlane,1.4
7.08598784427734,eestlane,1.4
5.27975862610537,eestlane,1.4
6.63915215429577,eestlane,1.4
7.88056220810497,eestlane,1.4
6.28890932575512,eestlane,1.4
6.97509521153235,eestlane,1.4
2.74283457631882,eestlane,1.4
7.09765017218373,eestlane,1.4
5.3622867644299,eestlane,1.4
6.53834747922122,eestlane,1.4
6.85875392213502,eestlane,1.4
6.1985645340942,eestlane,1.4
4.9672522437822,eestlane,1.4
7.01658250600493,eestlane,1.4
5.26014472651694,eestlane,1.4
6.89174268835862,eestlane,1.4
6.96617739463336,eestlane,1.4
4.61418834936077,eestlane,1.4
5.43563119174152,eestlane,1.4
6.42734281701248,eestlane,1.4
7.2609653628335,eestlane,1.4
6.20808240318386,eestlane,1.4
7.2646388113734,eestlane,1.4
7.00138328848464,eestlane,1.4
4.43566274188899,eestlane,1.4
5.0469660530975,eestlane,1.4
6.72910909542753,eestlane,1.4
7.57165621064601,eestlane,1.4
5.47100493855902,eestlane,1.4
6.44603067982894,eestlane,1.4
3.90147094964363,eestlane,1.4
4.21336500800949,eestlane,1.4
7.36340506097316,eestlane,1.4
7.72218707520658,eestlane,1.4
7.02580620437569,eestlane,1.4
5.71043157924819,eestlane,1.4
5.34411281617574,eestlane,1.4
6.95676718998034,eestlane,1.4
6.50683457052985,eestlane,1.4
6.9711961433218,eestlane,1.4
8.24053562147376,eestlane,1.4
5.08024629841832,eestlane,1.4
6.43328439753955,eestlane,1.4
4.20122484940517,eestlane,1.4
4.93173312605434,eestlane,1.4
4.77807881748924,eestlane,1.4
6.65208750226902,eestlane,1.4
6.33498711755141,eestlane,1.4
4.50093890186284,eestlane,1.4
6.03585417373142,eestlane,1.4
6.82871884726398,eestlane,1.4
6.3973128378457504,eestlane,1.4
5.45490711059187,eestlane,1.4
4.48030715243911,eestlane,1.4
6.98879120737939,eestlane,1.4
3.47554480206441,eestlane,1.4
6.18479818864494,eestlane,1.4
5.47668029111975,eestlane,1.4
6.9547162378414,eestlane,1.4
4.90932794660185,eestlane,1.4
7.92015177937795,eestlane,1.4
6.42270770004938,eestlane,1.4
7.47750554165002,eestlane,1.4
4.25640313526133,eestlane,1.4
5.15703082901196,eestlane,1.4
5.94706120136746,eestlane,1.4
4.6831382798003,eestlane,1.4
5.94685343700621,eestlane,1.4
6.09750677420573,eestlane,1.4
7.03418414155169,eestlane,1.4
5.17733294804493,eestlane,1.4
6.83367299099571,eestlane,1.4
4.98768836618436,eestlane,1.4
4.20903148839719,eestlane,1.4
4.79212636132479,eestlane,1.4
6.47565419594052,eestlane,1.4
7.19970582377573,eestlane,1.4
6.78924415898903,eestlane,1.4
5.78743042462424,eestlane,1.4
6.14957697379876,eestlane,1.4
6.41874103285984,eestlane,1.4
9.17825207601773,eestlane,1.4
6.77128245046707,eestlane,1.4
4.51736661443248,eestlane,1.4
6.84914785620512,eestlane,1.4
6.44030955177602,eestlane,1.4
5.83285088035821,eestlane,1.4
7.03343345100202,eestlane,1.4
7.26178400239385,eestlane,1.4
5.85989577770562,eestlane,1.4
5.86704959099336,eestlane,1.4
6.85225416124253,eestlane,1.4
8.12899352391812,eestlane,1.4
5.33467935502816,eestlane,1.4
5.5605768463145004,eestlane,1.4
4.08560640642395,eestlane,1.4
5.37164870081166,eestlane,1.4
8.17638453557449,eestlane,1.4
5.90915651766527,eestlane,1.4
4.51944771051999,eestlane,1.4
5.83762785460006,eestlane,1.4
7.28655989438172,eestlane,1.4
5.82234206320328,eestlane,1.4
2.21890715724423,mitte-eestlane,0.6
2.99966494038297,mitte-eestlane,0.6
3.89546194063102,mitte-eestlane,0.6
2.50150988434722,mitte-eestlane,0.6
2.04779289988801,mitte-eestlane,0.6
3.54391060610423,mitte-eestlane,0.6
4.25465991497339,mitte-eestlane,0.6
3.72244640024415,mitte-eestlane,0.6
2.83214767649141,mitte-eestlane,0.6
4.86951102029311,mitte-eestlane,0.6
2.56627862446315,mitte-eestlane,0.6
3.89397803769244,mitte-eestlane,0.6
3.54537147729719,mitte-eestlane,0.6
3.82430034171424,mitte-eestlane,0.6
4.0310195518195,mitte-eestlane,0.6
4.2214589914046,mitte-eestlane,0.6
1.97305445769622,mitte-eestlane,0.6
4.25154322827307,mitte-eestlane,0.6
4.0997566845207,mitte-eestlane,0.6
3.58676218913313,mitte-eestlane,0.6
4.64428009571572,mitte-eestlane,0.6
2.73347478327914,mitte-eestlane,0.6
1.85558531651759,mitte-eestlane,0.6
2.6445637000214,mitte-eestlane,0.6
3.51699157713122,mitte-eestlane,0.6
4.42738874009133,mitte-eestlane,0.6
3.53477357991462,mitte-eestlane,0.6
2.86201495588282,mitte-eestlane,0.6
4.79948218818073,mitte-eestlane,0.6
5.34768969311472,mitte-eestlane,0.6
3.51405359295843,mitte-eestlane,0.6
2.92507195012025,mitte-eestlane,0.6
2.65843733137508,mitte-eestlane,0.6
4.97813598261171,mitte-eestlane,0.6
2.83947572170343,mitte-eestlane,0.6
4.84638024028016,mitte-eestlane,0.6
3.85792355455922,mitte-eestlane,0.6
3.52722958571649,mitte-eestlane,0.6
3.36967116576287,mitte-eestlane,0.6
4.71624313477429,mitte-eestlane,0.6
3.80870546991539,mitte-eestlane,0.6
3.15003199852039,mitte-eestlane,0.6
2.56995270243305,mitte-eestlane,0.6
4.1435885285112,mitte-eestlane,0.6
2.94291049971384,mitte-eestlane,0.6
3.2783106305118,mitte-eestlane,0.6
3.02627567840439,mitte-eestlane,0.6
2.49379583906752,mitte-eestlane,0.6
1.9238126493302,mitte-eestlane,0.6
3.8266053412819,mitte-eestlane,0.6
4.54628507580304,mitte-eestlane,0.6
3.37363480422808,mitte-eestlane,0.6
2.41696163704633,mitte-eestlane,0.6
2.84780894250065,mitte-eestlane,0.6
3.59619677204119,mitte-eestlane,0.6
3.50924392279469,mitte-eestlane,0.6
2.71387047973664,mitte-eestlane,0.6
2.73417005143801,mitte-eestlane,0.6
3.63071860603407,mitte-eestlane,0.6
4.94890152253628,mitte-eestlane,0.6
4.4279470633713,mitte-eestlane,0.6
3.42990300690273,mitte-eestlane,0.6
3.03354912852602,mitte-eestlane,0.6
3.96344751441727,mitte-eestlane,0.6
4.33444387360866,mitte-eestlane,0.6
3.57902764814256,mitte-eestlane,0.6
2.44421260772344,mitte-eestlane,0.6
3.6274048655663,mitte-eestlane,0.6
3.83515937857376,mitte-eestlane,0.6
3.46291600926999,mitte-eestlane,0.6
3.92716599608347,mitte-eestlane,0.6
3.76704912053693,mitte-eestlane,0.6
3.58797350533042,mitte-eestlane,0.6
4.0363173065319,mitte-eestlane,0.6
1.89873625392277,mitte-eestlane,0.6
1.68631507327428,mitte-eestlane,0.6
3.45430513191444,mitte-eestlane,0.6
2.93525931769501,mitte-eestlane,0.6
4.34931471983479,mitte-eestlane,0.6
4.23323190951642,mitte-eestlane,0.6
2.71923183469178,mitte-eestlane,0.6
5.007505271452,mitte-eestlane,0.6
4.11873967969393,mitte-eestlane,0.6
1.48976386677872,mitte-eestlane,0.6
3.21681288845738,mitte-eestlane,0.6
3.46184243417734,mitte-eestlane,0.6
2.51726005046499,mitte-eestlane,0.6
4.47181557375296,mitte-eestlane,0.6
2.49550853217272,mitte-eestlane,0.6
5.90462410287387,mitte-eestlane,0.6
2.0180543001926,mitte-eestlane,0.6
4.49604540588869,mitte-eestlane,0.6
4.26226377287152,mitte-eestlane,0.6
3.29144226488915,mitte-eestlane,0.6
3.33548173459729,mitte-eestlane,0.6
3.83684360087037,mitte-eestlane,0.6
2.39836390719305,mitte-eestlane,0.6
2.12909387870769,mitte-eestlane,0.6
4.62317630453722,mitte-eestlane,0.6
3.23772153647841,mitte-eestlane,0.6
4.28954209853704,mitte-eestlane,0.6
3.8436217666464,mitte-eestlane,0.6
3.5857906059172,mitte-eestlane,0.6
1.49720116880781,mitte-eestlane,0.6
3.47178239384235,mitte-eestlane,0.6
3.37746495997692,mitte-eestlane,0.6
3.49253776683095,mitte-eestlane,0.6
3.74726131230904,mitte-eestlane,0.6
4.44594163042254,mitte-eestlane,0.6
4.50260232031199,mitte-eestlane,0.6
3.30849274923751,mitte-eestlane,0.6
1.74485882177497,mitte-eestlane,0.6
2.29467818856519,mitte-eestlane,0.6
2.08392724736532,mitte-eestlane,0.6
3.99596284067638,mitte-eestlane,0.6
4.15438087737784,mitte-eestlane,0.6
4.99080301833995,mitte-eestlane,0.6
2.58621551621475,mitte-eestlane,0.6
3.42335293273653,mitte-eestlane,0.6
3.69050143712595,mitte-eestlane,0.6
3.90815242801073,mitte-eestlane,0.6
3.98490914518908,mitte-eestlane,0.6
3.76405329560696,mitte-eestlane,0.6
4.29981659822448,mitte-eestlane,0.6
3.63514854995815,mitte-eestlane,0.6
6.11665686166806,mitte-eestlane,0.6
2.98453211837159,mitte-eestlane,0.6
4.50964506216806,mitte-eestlane,0.6
4.54656798466553,mitte-eestlane,0.6
2.39765979499379,mitte-eestlane,0.6
3.24396963209348,mitte-eestlane,0.6
2.7234690448168,mitte-eestlane,0.6
2.40626320308415,mitte-eestlane,0.6
4.92182132949202,mitte-eestlane,0.6
2.09491204017864,mitte-eestlane,0.6
4.15118146677507,mitte-eestlane,0.6
2.35510177426867,mitte-eestlane,0.6
3.25230957306756,mitte-eestlane,0.6
4.84983585889026,mitte-eestlane,0.6
3.18267284028451,mitte-eestlane,0.6
2.02932878533385,mitte-eestlane,0.6
3.043965091258,mitte-eestlane,0.6
2.84204921311524,mitte-eestlane,0.6
3.96068715147049,mitte-eestlane,0.6
3.79093057379398,mitte-eestlane,0.6
3.87311942763568,mitte-eestlane,0.6
3.66881346165938,mitte-eestlane,0.6
3.80491776780406,mitte-eestlane,0.6
5.27165899179373,mitte-eestlane,0.6
4.26567640439149,mitte-eestlane,0.6
3.36898801678928,mitte-eestlane,0.6
4.18256802088714,mitte-eestlane,0.6
2.33616331150471,mitte-eestlane,0.6
2.40411350540116,mitte-eestlane,0.6
1.2062639007662,mitte-eestlane,0.6
2.43133593951089,mitte-eestlane,0.6
4.26994792077176,mitte-eestlane,0.6
4.52711124564132,mitte-eestlane,0.6
3.79587566374243,mitte-eestlane,0.6
1.99935315074987,mitte-eestlane,0.6
3.06749594999189,mitte-eestlane,0.6
1.86864481430905,mitte-eestlane,0.6
3.24246360553586,mitte-eestlane,0.6
2.70887212847741,mitte-eestlane,0.6
3.68264339857296,mitte-eestlane,0.6
3.08862287878235,mitte-eestlane,0.6
3.83174281805251,mitte-eestlane,0.6
4.22683961424559,mitte-eestlane,0.6
3.30732210739321,mitte-eestlane,0.6
3.7264469373602,mitte-eestlane,0.6
2.71933669778098,mitte-eestlane,0.6
4.3243966214182,mitte-eestlane,0.6
4.46640518522293,mitte-eestlane,0.6
3.23529751145523,mitte-eestlane,0.6
4.42196532230017,mitte-eestlane,0.6
3.11013417763334,mitte-eestlane,0.6
2.5744319416756,mitte-eestlane,0.6
3.58448964630687,mitte-eestlane,0.6
4.34483962759801,mitte-eestlane,0.6
3.26249062751457,mitte-eestlane,0.6
3.96740712497411,mitte-eestlane,0.6
2.89601406130202,mitte-eestlane,0.6
4.55659104853755,mitte-eestlane,0.6
2.88534709966046,mitte-eestlane,0.6
4.74943599336256,mitte-eestlane,0.6
4.89520714358921,mitte-eestlane,0.6
2.05867347538276,mitte-eestlane,0.6
2.64201040939438,mitte-eestlane,0.6
4.38852704702528,mitte-eestlane,0.6
4.53953273203497,mitte-eestlane,0.6
2.7487947208417,mitte-eestlane,0.6
4.34342409634864,mitte-eestlane,0.6
4.48962651238588,mitte-eestlane,0.6
3.42137425311916,mitte-eestlane,0.6
2.16880950457655,mitte-eestlane,0.6
4.53032238150331,mitte-eestlane,0.6
4.90676115540288,mitte-eestlane,0.6
3.53775663342206,mitte-eestlane,0.6
2.51571659638973,mitte-eestlane,0.6
3.44333221583909,mitte-eestlane,0.6
4.48824588188369,mitte-eestlane,0.6
3.86917850055987,mitte-eestlane,0.6
4.31827883142262,mitte-eestlane,0.6
4.30798903077798,mitte-eestlane,0.6
4.26538364493271,mitte-eestlane,0.6
4.80112363221775,mitte-eestlane,0.6
3.58179846698115,mitte-eestlane,0.6
4.44834098449959,mitte-eestlane,0.6
3.87006667989644,mitte-eestlane,0.6
2.69986810243659,mitte-eestlane,0.6
3.8889736046424,mitte-eestlane,0.6
1.47565116711088,mitte-eestlane,0.6
4.17141682289429,mitte-eestlane,0.6
1.57222846772835,mitte-eestlane,0.6
2.21251597654073,mitte-eestlane,0.6
4.02121464276002,mitte-eestlane,0.6
3.79348120651396,mitte-eestlane,0.6
2.48992255858074,mitte-eestlane,0.6
5.06853582380618,mitte-eestlane,0.6
4.4586019279001,mitte-eestlane,0.6
3.13922120275164,mitte-eestlane,0.6
3.13326203722514,mitte-eestlane,0.6
2.29112949985597,mitte-eestlane,0.6
2.63407202031791,mitte-eestlane,0.6
1.76337465255632,mitte-eestlane,0.6
3.95828741821265,mitte-eestlane,0.6
3.82440402372284,mitte-eestlane,0.6
4.48373156366301,mitte-eestlane,0.6
2.91177921159915,mitte-eestlane,0.6
5.19637627201672,mitte-eestlane,0.6
2.02818385825251,mitte-eestlane,0.6
4.24646666437709,mitte-eestlane,0.6
2.12830190843377,mitte-eestlane,0.6
2.06235909847859,mitte-eestlane,0.6
4.29244174611729,mitte-eestlane,0.6
5.21000328127638,mitte-eestlane,0.6
1.99222570850976,mitte-eestlane,0.6
3.41911920596214,mitte-eestlane,0.6
2.52013941759503,mitte-eestlane,0.6
4.27147681805433,mitte-eestlane,0.6
4.22033888155528,mitte-eestlane,0.6
3.06880202153994,mitte-eestlane,0.6
4.23781610925217,mitte-eestlane,0.6
3.979314600955,mitte-eestlane,0.6
4.77949172533588,mitte-eestlane,0.6
2.5459944179485,mitte-eestlane,0.6
4.49167747059352,mitte-eestlane,0.6
3.54563616718841,mitte-eestlane,0.6
2.97875625526606,mitte-eestlane,0.6
4.98670978452105,mitte-eestlane,0.6
2.21406042588546,mitte-eestlane,0.6
3.83115766531836,mitte-eestlane,0.6
3.99980006061785,mitte-eestlane,0.6
3.75912467133519,mitte-eestlane,0.6
4.68984185066842,mitte-eestlane,0.6
4.60518092473311,mitte-eestlane,0.6
3.41762138517423,mitte-eestlane,0.6
4.72178530440705,mitte-eestlane,0.6
2.92267201731185,mitte-eestlane,0.6
2.75456973693247,mitte-eestlane,0.6
2.36747129977553,mitte-eestlane,0.6
3.18710654090919,mitte-eestlane,0.6
4.49048343007446,mitte-eestlane,0.6
3.4777119650938,mitte-eestlane,0.6
2.27438445159216,mitte-eestlane,0.6
3.92579604914046,mitte-eestlane,0.6
4.62367581830161,mitte-eestlane,0.6
3.40535932407646,mitte-eestlane,0.6
3.80219933000616,mitte-eestlane,0.6
3.95892676087386,mitte-eestlane,0.6
4.64539771605637,mitte-eestlane,0.6
1.73809811316787,mitte-eestlane,0.6
2.9714414621723,mitte-eestlane,0.6
2.64270413122543,mitte-eestlane,0.6
3.50075298588731,mitte-eestlane,0.6
4.42025198389201,mitte-eestlane,0.6
4.21218157611175,mitte-eestlane,0.6
3.57536404070039,mitte-eestlane,0.6
3.78561784058117,mitte-eestlane,0.6
2.55657047440177,mitte-eestlane,0.6
4.02734741240777,mitte-eestlane,0.6
4.46774451197994,mitte-eestlane,0.6
4.31504749203234,mitte-eestlane,0.6
2.91936995811299,mitte-eestlane,0.6
3.21484265993365,mitte-eestlane,0.6
4.40916512069816,mitte-eestlane,0.6
3.77002094091133,mitte-eestlane,0.6
2.63900488052998,mitte-eestlane,0.6
3.84312556330732,mitte-eestlane,0.6
3.46958941076671,mitte-eestlane,0.6
3.01415733154409,mitte-eestlane,0.6
2.75053369512671,mitte-eestlane,0.6
3.04453019647348,mitte-eestlane,0.6
1.87410069933998,mitte-eestlane,0.6
2.34611542581706,mitte-eestlane,0.6
3.41406926395341,mitte-eestlane,0.6
5.08719199873755,mitte-eestlane,0.6
4.6904171240713,mitte-eestlane,0.6
3.93508076113571,mitte-eestlane,0.6
3.76268282219934,mitte-eestlane,0.6
3.63073657944271,mitte-eestlane,0.6
3.57496089482917,mitte-eestlane,0.6
3.47198252606124,mitte-eestlane,0.6
3.2404553191368,mitte-eestlane,0.6
3.64433285961784,mitte-eestlane,0.6
1.86875878109281,mitte-eestlane,0.6
2.60168861743674,mitte-eestlane,0.6
3.28805830180344,mitte-eestlane,0.6
3.65852874559137,mitte-eestlane,0.6
3.97266137372166,mitte-eestlane,0.6
4.45715545745206,mitte-eestlane,0.6
2.32313727201545,mitte-eestlane,0.6
3.86751697427726,mitte-eestlane,0.6
2.76008201010908,mitte-eestlane,0.6
4.74557199055951,mitte-eestlane,0.6
5.41562969350503,mitte-eestlane,0.6
3.86498502198462,mitte-eestlane,0.6
3.90857166438398,mitte-eestlane,0.6
3.00700933116609,mitte-eestlane,0.6
4.81356945528821,mitte-eestlane,0.6
2.95882086955098,mitte-eestlane,0.6
4.37444618223882,mitte-eestlane,0.6
4.04653537690375,mitte-eestlane,0.6
3.55828062875347,mitte-eestlane,0.6
4.61696932489135,mitte-eestlane,0.6
3.55242871318474,mitte-eestlane,0.6
3.69514018946789,mitte-eestlane,0.6
4.36356835103878,mitte-eestlane,0.6
4.7592241241389,mitte-eestlane,0.6
3.80889375762524,mitte-eestlane,0.6
3.86970055073207,mitte-eestlane,0.6
2.45039745389375,mitte-eestlane,0.6
2.87862122615958,mitte-eestlane,0.6
3.62726740548443,mitte-eestlane,0.6
4.277394482565,mitte-eestlane,0.6
3.45217053748985,mitte-eestlane,0.6
3.71493773614581,mitte-eestlane,0.6
3.09339711740227,mitte-eestlane,0.6
4.59904176790303,mitte-eestlane,0.6
5.67838120541241,mitte-eestlane,0.6
3.37248693619831,mitte-eestlane,0.6
5.42692189476566,mitte-eestlane,0.6
1.80763846279963,mitte-eestlane,0.6
4.07486378691314,mitte-eestlane,0.6
2.97997403533508,mitte-eestlane,0.6
3.73986773776935,mitte-eestlane,0.6
3.63363107807827,mitte-eestlane,0.6
3.36184959097472,mitte-eestlane,0.6
4.42145037094326,mitte-eestlane,0.6
3.25250700744171,mitte-eestlane,0.6
2.80578854704758,mitte-eestlane,0.6
6.1294742615099,mitte-eestlane,0.6
3.54669913695705,mitte-eestlane,0.6
2.9855793099751202,mitte-eestlane,0.6
3.20269857406874,mitte-eestlane,0.6
4.26770999732495,mitte-eestlane,0.6
2.64095139165524,mitte-eestlane,0.6
2.87086728067074,mitte-eestlane,0.6
3.28064851732854,mitte-eestlane,0.6
1.9829879899912,mitte-eestlane,0.6
3.64031032367489,mitte-eestlane,0.6
2.9820325579224,mitte-eestlane,0.6
5.51162767233794,mitte-eestlane,0.6
2.42439982562645,mitte-eestlane,0.6
2.94001655535182,mitte-eestlane,0.6
4.87302494456301,mitte-eestlane,0.6
3.69217890288266,mitte-eestlane,0.6
3.44591807907178,mitte-eestlane,0.6
3.76371224839379,mitte-eestlane,0.6
3.24731459916911,mitte-eestlane,0.6
4.77137376957499,mitte-eestlane,0.6
3.96712808412834,mitte-eestlane,0.6
3.90709810642036,mitte-eestlane,0.6
2.27442984455581,mitte-eestlane,0.6
3.44221976945292,mitte-eestlane,0.6
3.13388390826943,mitte-eestlane,0.6
3.86653286591903,mitte-eestlane,0.6
3.6282698543417,mitte-eestlane,0.6
4.51290476814767,mitte-eestlane,0.6
5.0037840250039904,mitte-eestlane,0.6
4.41382158398665,mitte-eestlane,0.6
4.29864412790182,mitte-eestlane,0.6
2.09505082528239,mitte-eestlane,0.6
3.93130294201169,mitte-eestlane,0.6
1.9367714555757,mitte-eestlane,0.6
4.34183653137773,mitte-eestlane,0.6
5.54038211267882,mitte-eestlane,0.6
4.62799419846461,mitte-eestlane,0.6
3.4866253673143,mitte-eestlane,0.6
2.67186168384471,mitte-eestlane,0.6
2.21508367968221,mitte-eestlane,0.6
2.02944701849466,mitte-eestlane,0.6
4.68127247820338,mitte-eestlane,0.6
3.6923976134927,mitte-eestlane,0.6
3.20692710370734,mitte-eestlane,0.6
5.42834584066646,mitte-eestlane,0.6
3.58714444104792,mitte-eestlane,0.6
4.1436211170314,mitte-eestlane,0.6
3.42508613067238,mitte-eestlane,0.6
3.68455917598183,mitte-eestlane,0.6
3.03712483100756,mitte-eestlane,0.6
1.98740584648032,mitte-eestlane,0.6
3.77827707105994,mitte-eestlane,0.6
2.45796021684325,mitte-eestlane,0.6
4.79434671667228,mitte-eestlane,0.6
2.67781390346162,mitte-eestlane,0.6
4.13569428552254,mitte-eestlane,0.6
2.02943654238343,mitte-eestlane,0.6
2.92538316756799,mitte-eestlane,0.6
3.64652590421598,mitte-eestlane,0.6
3.46024874350634,mitte-eestlane,0.6
2.95647041507448,mitte-eestlane,0.6
4.38900417048982,mitte-eestlane,0.6
2.77326005051424,mitte-eestlane,0.6
3.39639191187088,mitte-eestlane,0.6
4.64566555463378,mitte-eestlane,0.6
2.44857860000854,mitte-eestlane,0.6
2.56140028617665,mitte-eestlane,0.6
3.21187956697515,mitte-eestlane,0.6
1.79380190907524,mitte-eestlane,0.6
3.48637807549864,mitte-eestlane,0.6
4.2382218993023,mitte-eestlane,0.6
3.07611746366806,mitte-eestlane,0.6
2.03835163502769,mitte-eestlane,0.6
3.29546176937102,mitte-eestlane,0.6
3.51115835723605,mitte-eestlane,0.6
4.24073344359771,mitte-eestlane,0.6
4.16846350109391,mitte-eestlane,0.6
2.89392619808967,mitte-eestlane,0.6
4.06847831576839,mitte-eestlane,0.6
3.50368890949422,mitte-eestlane,0.6
4.88665097736695,mitte-eestlane,0.6
2.2843881553968,mitte-eestlane,0.6
4.27545697681998,mitte-eestlane,0.6
3.69909714482507,mitte-eestlane,0.6
1.01103296713209,mitte-eestlane,0.6
3.45897969874871,mitte-eestlane,0.6
3.55404151372112,mitte-eestlane,0.6
4.18235697174897,mitte-eestlane,0.6
4.96915415327834,mitte-eestlane,0.6
3.67258907010871,mitte-eestlane,0.6
3.92431799177817,mitte-eestlane,0.6
3.63167572813192,mitte-eestlane,0.6
1.58571937865879,mitte-eestlane,0.6
2.78764083372011,mitte-eestlane,0.6
4.22061985357699,mitte-eestlane,0.6
3.5429112964252,mitte-eestlane,0.6
3.2458481355689,mitte-eestlane,0.6
3.51116334512061,mitte-eestlane,0.6
4.11467636937719,mitte-eestlane,0.6
2.34358347506207,mitte-eestlane,0.6
3.48189533760601,mitte-eestlane,0.6
3.73578619593768,mitte-eestlane,0.6
3.43220533650938,mitte-eestlane,0.6
2.40288355884976,mitte-eestlane,0.6
4.60566387250092,mitte-eestlane,0.6
4.90730205273895,mitte-eestlane,0.6
4.21542255366333,mitte-eestlane,0.6
2.62457844955343,mitte-eestlane,0.6
5.52074283254764,mitte-eestlane,0.6
3.86220643547198,mitte-eestlane,0.6
4.49330157095982,mitte-eestlane,0.6
4.57141469600711,mitte-eestlane,0.6
3.81861862085139,mitte-eestlane,0.6
3.21060759725084,mitte-eestlane,0.6
4.71172653702298,mitte-eestlane,0.6
4.50748255977477,mitte-eestlane,0.6
3.40037324295016,mitte-eestlane,0.6
3.36527191350854,mitte-eestlane,0.6
3.93831867498884,mitte-eestlane,0.6
2.32479438252491,mitte-eestlane,0.6
4.14857393366542,mitte-eestlane,0.6
3.52338781195044,mitte-eestlane,0.6
3.57242040848537,mitte-eestlane,0.6
2.24255341533087,mitte-eestlane,0.6
3.0580326612879,mitte-eestlane,0.6
5.32970338126747,mitte-eestlane,0.6
3.88719056712083,mitte-eestlane,0.6
4.23174148944275,mitte-eestlane,0.6
3.5099957450202,mitte-eestlane,0.6
1.51270749340666,mitte-eestlane,0.6
3.21038172564336,mitte-eestlane,0.6
3.43204789509789,mitte-eestlane,0.6
2.98220821945857,mitte-eestlane,0.6
3.28613867990448,mitte-eestlane,0.6
2.62792110368553,mitte-eestlane,0.6
3.53334130143788,mitte-eestlane,0.6
4.76426376873882,mitte-eestlane,0.6
4.33663075554535,mitte-eestlane,0.6
2.91594999945337,mitte-eestlane,0.6
3.75733984679113,mitte-eestlane,0.6
3.30541891450417,mitte-eestlane,0.6
3.17407124128154,mitte-eestlane,0.6
3.25457559708726,mitte-eestlane,0.6
3.74338154573017,mitte-eestlane,0.6
3.42761463780799,mitte-eestlane,0.6
1.88147873247662,mitte-eestlane,0.6
3.8194650759195,mitte-eestlane,0.6
5.13215496012255,mitte-eestlane,0.6
4.92659492466973,mitte-eestlane,0.6
3.56990201381352,mitte-eestlane,0.6
3.86208950982869,mitte-eestlane,0.6
3.4260593243143,mitte-eestlane,0.6
3.85584073464572,mitte-eestlane,0.6
4.78634448912614,mitte-eestlane,0.6
2.93133320776688,mitte-eestlane,0.6
1.6092254333756,mitte-eestlane,0.6
4.40405594120873,mitte-eestlane,0.6
3.22245234581142,mitte-eestlane,0.6
4.47470507652197,mitte-eestlane,0.6
4.47566947780872,mitte-eestlane,0.6
0.9432360310094,mitte-eestlane,0.6
3.0895488648484,mitte-eestlane,0.6
4.6432258693379,mitte-eestlane,0.6
1.06630609462379,mitte-eestlane,0.6
4.20032018110321,mitte-eestlane,0.6
3.14618891379767,mitte-eestlane,0.6
3.08115136154782,mitte-eestlane,0.6
4.00671856905507,mitte-eestlane,0.6
3.36029103967936,mitte-eestlane,0.6
3.24390376225204,mitte-eestlane,0.6
3.04248602138278,mitte-eestlane,0.6
2.54128158746804,mitte-eestlane,0.6
3.90925567993732,mitte-eestlane,0.6
2.95939612249004,mitte-eestlane,0.6
3.13860357657907,mitte-eestlane,0.6
4.89456016340008,mitte-eestlane,0.6
3.82081649309461,mitte-eestlane,0.6
2.74058179388723,mitte-eestlane,0.6
3.41123641318645,mitte-eestlane,0.6
3.55698605828278,mitte-eestlane,0.6
3.35022883121112,mitte-eestlane,0.6
1.37044844832994,mitte-eestlane,0.6
2.50742372593391,mitte-eestlane,0.6
4.16917697316925,mitte-eestlane,0.6
3.20102927076239,mitte-eestlane,0.6
3.1535425328116,mitte-eestlane,0.6
3.66322131425283,mitte-eestlane,0.6
3.70240468655734,mitte-eestlane,0.6
2.23458151443122,mitte-eestlane,0.6
5.47330305762539,mitte-eestlane,0.6
3.12421512586949,mitte-eestlane,0.6
3.9140761576227,mitte-eestlane,0.6
4.1196526869567,mitte-eestlane,0.6
3.5512374186499,mitte-eestlane,0.6
3.1896668924053,mitte-eestlane,0.6
4.66547523859305,mitte-eestlane,0.6
2.69181323433467,mitte-eestlane,0.6
3.73379668776478,mitte-eestlane,0.6
2.89387584671319,mitte-eestlane,0.6
2.38052202129568,mitte-eestlane,0.6
3.89535202689264,mitte-eestlane,0.6
3.94923783300933,mitte-eestlane,0.6
1.93468963870641,mitte-eestlane,0.6
2.29580652794973,mitte-eestlane,0.6
3.08037107089424,mitte-eestlane,0.6
4.34609326328558,mitte-eestlane,0.6
4.09401252607229,mitte-eestlane,0.6
3.46378873446302,mitte-eestlane,0.6
4.27603332940597,mitte-eestlane,0.6
3.66372400170003,mitte-eestlane,0.6
3.87951932510831,mitte-eestlane,0.6
3.86381909532548,mitte-eestlane,0.6
3.66300403035235,mitte-eestlane,0.6
2.83163448735958,mitte-eestlane,0.6
4.0978242332578,mitte-eestlane,0.6
4.13841092307815,mitte-eestlane,0.6
3.60664909310294,mitte-eestlane,0.6
3.44178440411325,mitte-eestlane,0.6
4.11777410428074,mitte-eestlane,0.6
3.58617711309496,mitte-eestlane,0.6
2.05719786116701,mitte-eestlane,0.6
4.25267254520156,mitte-eestlane,0.6
4.23469954947834,mitte-eestlane,0.6
3.49508415575973,mitte-eestlane,0.6
5.04508123338972,mitte-eestlane,0.6
2.73444504198794,mitte-eestlane,0.6
2.83983342766518,mitte-eestlane,0.6
3.70796515282828,mitte-eestlane,0.6
3.41652947047775,mitte-eestlane,0.6
4.22509302079138,mitte-eestlane,0.6
3.5093344504957,mitte-eestlane,0.6
3.35297898255213,mitte-eestlane,0.6
2.98779861048569,mitte-eestlane,0.6
5.5313571713148,mitte-eestlane,0.6
4.14467239857247,mitte-eestlane,0.6
5.08365405600135,mitte-eestlane,0.6
4.15607843310794,mitte-eestlane,0.6
3.80969397467472,mitte-eestlane,0.6
3.23335943962702,mitte-eestlane,0.6
4.61600009769397,mitte-eestlane,0.6
3.76107764303958,mitte-eestlane,0.6
1.99447894369116,mitte-eestlane,0.6
2.84154036623915,mitte-eestlane,0.6
4.30174341092638,mitte-eestlane,0.6
3.81723112360967,mitte-eestlane,0.6
5.48994812372955,mitte-eestlane,0.6
3.2420571377347,mitte-eestlane,0.6
3.05389869012046,mitte-eestlane,0.6
3.9891424209765,mitte-eestlane,0.6
2.74312311972385,mitte-eestlane,0.6
2.8051405849651,mitte-eestlane,0.6
2.48453506544981,mitte-eestlane,0.6
3.54158295152108,mitte-eestlane,0.6
3.91257068786675,mitte-eestlane,0.6
4.45596612200606,mitte-eestlane,0.6
3.76006212448873,mitte-eestlane,0.6
1.32418049764062,mitte-eestlane,0.6
3.82514572351581,mitte-eestlane,0.6
3.93387663846855,mitte-eestlane,0.6
4.38536097083024,mitte-eestlane,0.6
5.07657464162063,mitte-eestlane,0.6
1.9002942727011,mitte-eestlane,0.6
4.85163435945778,mitte-eestlane,0.6
3.31634891640833,mitte-eestlane,0.6
3.38697882305254,mitte-eestlane,0.6
2.390335470755,mitte-eestlane,0.6
4.49459369264664,mitte-eestlane,0.6
3.73976589821732,mitte-eestlane,0.6
3.2647990789054,mitte-eestlane,0.6
3.59789858043392,mitte-eestlane,0.6
4.22867788047627,mitte-eestlane,0.6
4.02001514614809,mitte-eestlane,0.6
4.02076781832537,mitte-eestlane,0.6
2.52049526210598,mitte-eestlane,0.6
4.33339411986208,mitte-eestlane,0.6
3.53333057234051,mitte-eestlane,0.6
3.67172912250271,mitte-eestlane,0.6
4.74523883580963,mitte-eestlane,0.6
3.03942697437064,mitte-eestlane,0.6
2.67574743182558,mitte-eestlane,0.6
1.9927272579606,mitte-eestlane,0.6
3.37476856221718,mitte-eestlane,0.6
4.58843469516318,mitte-eestlane,0.6
4.04588961539025,mitte-eestlane,0.6
3.15431201686676,mitte-eestlane,0.6
3.8798272987688,mitte-eestlane,0.6
5.25180559376422,mitte-eestlane,0.6
3.17073920383445,mitte-eestlane,0.6
4.62279581889133,mitte-eestlane,0.6
3.56143818113219,mitte-eestlane,0.6
3.45864302009981,mitte-eestlane,0.6
4.1453615890104,mitte-eestlane,0.6
4.50393812381393,mitte-eestlane,0.6
3.33756562058832,mitte-eestlane,0.6
3.7598737670132,mitte-eestlane,0.6
2.7285635528515,mitte-eestlane,0.6
2.31198588120089,mitte-eestlane,0.6
3.08176856429951,mitte-eestlane,0.6
2.85769688614639,mitte-eestlane,0.6
3.0695343937276,mitte-eestlane,0.6
3.7567378709206,mitte-eestlane,0.6
3.05900555961059,mitte-eestlane,0.6
3.7377626991425,mitte-eestlane,0.6
3.95597626325847,mitte-eestlane,0.6
5.39533720191681,mitte-eestlane,0.6
4.64604433104545,mitte-eestlane,0.6
4.50882932525474,mitte-eestlane,0.6
3.5199187225414,mitte-eestlane,0.6
4.44536830678662,mitte-eestlane,0.6
4.04126030925887,mitte-eestlane,0.6
3.6778388689981,mitte-eestlane,0.6
4.95310004743232,mitte-eestlane,0.6
2.03279555342377,mitte-eestlane,0.6
4.01225340699411,mitte-eestlane,0.6
2.23350056108801,mitte-eestlane,0.6
3.33077971462119,mitte-eestlane,0.6
4.51855265603637,mitte-eestlane,0.6
3.27869877179231,mitte-eestlane,0.6
1.46458710410532,mitte-eestlane,0.6
5.28089890244192,mitte-eestlane,0.6
4.52749936077887,mitte-eestlane,0.6
3.55767231260775,mitte-eestlane,0.6
3.61629521840873,mitte-eestlane,0.6
2.80429652494051,mitte-eestlane,0.6
3.98968534639174,mitte-eestlane,0.6
3.79313851457792,mitte-eestlane,0.6
3.82747923051306,mitte-eestlane,0.6
4.15390578978324,mitte-eestlane,0.6
2.46864357408437,mitte-eestlane,0.6
2.1634446953059,mitte-eestlane,0.6
4.91772357230147,mitte-eestlane,0.6
2.65799778294628,mitte-eestlane,0.6
4.7022673952129,mitte-eestlane,0.6
3.3483010638697,mitte-eestlane,0.6
3.72299312695575,mitte-eestlane,0.6
3.82897010834705,mitte-eestlane,0.6
4.67092688380036,mitte-eestlane,0.6
2.93517130166167,mitte-eestlane,0.6
2.5552928762823,mitte-eestlane,0.6
4.17347683008203,mitte-eestlane,0.6
4.79428425897166,mitte-eestlane,0.6
3.05155962877875,mitte-eestlane,0.6
3.32714367023268,mitte-eestlane,0.6
4.47495922477819,mitte-eestlane,0.6
3.58140280528014,mitte-eestlane,0.6
4.13675134309651,mitte-eestlane,0.6
4.13115469730249,mitte-eestlane,0.6
2.56636549519868,mitte-eestlane,0.6
3.77500457028671,mitte-eestlane,0.6
